{
  "project_info": {
    "project_number": "627700646900",
    "firebase_url": "https://rental-mobil-b602f.firebaseio.com",
    "project_id": "rental-mobil-b602f",
    "storage_bucket": "rental-mobil-b602f.appspot.com"
  },
  "client": [
    {
      "client_info": {
        "mobilesdk_app_id": "1:627700646900:android:044c52d956e8da60412fa1",
        "android_client_info": {
          "package_name": "com.example.rentalmobil"
        }
      },
      "oauth_client": [
        {
          "client_id": "627700646900-lc47dnbh1hgiefqtmra28djerbra7rde.apps.googleusercontent.com",
          "client_type": 3
        }
      ],
      "api_key": [
        {
          "current_key": "AIzaSyDFQyVYBStluGZo_n1G99ylCzN98h0MOIU"
        }
      ],
      "services": {
        "appinvite_service": {
          "other_platform_oauth_client": [
            {
              "client_id": "627700646900-lc47dnbh1hgiefqtmra28djerbra7rde.apps.googleusercontent.com",
              "client_type": 3
            }
          ]
        }
      }
    }
  ],
  "configuration_version": "1"
}